From;To;Type;Through;Comment 
4;6;Sea;2716;# Comments name the second Province in a grouping! 
6;7;River;0;# Aberdeen - Scotland
8;6;River;0;# Inverness - Scotland
25;26;Sea;2698;# Dover - England
28;27;River;0;# Portsmouth - England
29;27;River;0;# Portsmouth - England
29;26;River;0;# Dover - England
32;34;River;0;# Dublin - Ireland
32;30;River;0;# Loch Garman - Ireland
32;31;River;0;# Cork - Ireland
44;45;River;0;# Le Havre - France
45;48;River;0;# Evreux - France
50;53;River;0;# Dieppe - France
50;56;River;0;# Chateau Thierry - France
54;56;River;0;# Chateau Thierry - France
54;66;River;0;# Orleans - France
54;99;River;0;# Reims - France
54;55;River;0;# Paris - France
54;60;River;0;# Chartres  - Franc
55;48;River;0;# Evreux - France
55;60;River;0;# Chartres  - France
57;59;River;0;# Angers - France
57;40;River;0;# Saint-Nazaire - France
57;59;River;0;# Angers - France
59;62;River;0;# Poitiers - France
61;58;River;0;# Le Mans - France
62;59;River;0;# Angers - France
62;61;River;0;# Tours - France
63;72;River;0;# Chateauroux - France
65;58;River;0;# Le Mans - France
65;66;River;0;# Orleans - France
65;63;River;0;# Auxerre - France
68;70;River;0;# Angouleme - France
68;69;River;0;# La Rochelle - France
68;75;River;0;# 
71;85;River;0;# Lyon - France
71;78;River;0;# Saint-Etienne - France
73;62;River;0;# Poitiers - France
74;63;River;0;# Auxerre - France
74;85;River;0;# Lyon - France
74;64;River;0;# Le Creusot - France
75;84;River;0;# Agen - France
80;83;River;0;# Pau - France
82;89;River;0;# Marseille - France
82;93;River;0;# Avignon - France
84;77;River;0;# Toulouse - France
84;80;River;0;# Perpignan - France
87;90;Impassable;0;# Grenoble - France
88;64;River;0;# Le Creusot - France
88;85;River;0;# Lyon - France
88;91;River;0;# Chambery - France
92;78;River;0;# Saint-Etienne - France
93;78;River;0;# Saint-Etienne - France
92;88;River;0;# 
93;89;River;0;# Marseille - France
93;86;River;0;# Toulon - France
95;63;River;0;# Auxerre - France
96;100;River;0;# Verdun - France
96;102;River;0;# Sedan - France
96;104;River;0;# Metz - France
98;91;River;0;# Chambery - France
102;111;River;0;# Arlon- Benelux
104;109;River;0;# Letzebuerg - Benelux
105;132;River;0;# Freiburg - Germany
107;132;River;0;# Freiburg - Germany
108;113;River;0;# Namur - Benelux
109;127;River;0;# Saarbrücken - Germany
109;128;River;0;# Trier - Germany
111;113;River;0;# Namur - Benelux
111;112;River;0;# Mons - Benelux
114;115;River;0;# Antwerpen - Benelux
114;116;River;0;# Brussel - Benelux
114;52;River;0;# Lille - France
119;120;River;0;# Nijmegen - Benelux
120;118;River;0;# Eindhoven - Benelux
120;125;River;0;# Rotterdam - Benelux
121;118;River;0;# Eindhoven - Benelux
121;117;River;0;# Hasselt - Benelux
123;118;River;0;# Eindhoven - Benelux
123;115;River;0;# Antwerpen - Benelux
124;147;River;0;# Wilhelmshaven - Germany
128;143;River;0;# Neuwied - Germany
129;128;River;0;# Trier - Germany
129;143;River;0;# Neuwied - Germany
130;132;Impassable;0;# Freiburg - Germany
131;142;River;0;# Düsseldorf - Germany
133;134;River;0;# Stuttgart - Germany
135;133;River;0;# Konstanz - Germany
136;130;River;0;# Mainz - Germany
138;130;River;0;# Mainz - Germany
138;128;River;0;# Trier - Germany
139;130;River;0;# Mainz - Germany
139;136;River;0;# Karlsruhe - Germany
140;171;River;0;# Erfurt - Germany
142;129;River;0;# Koblenz - Germany
142;131;River;0;# Cologne - Germany
144;138;Impassable;0;# Frankfurt am Main - Germany
144;146;River;0;# Hannover - Germany
146;137;River;0;# Kassel - Germany
146;147;River;0;# Wilhelmshaven - Germany
147;119;River;0;# Arnhem - Benelux
147;148;River;0;# Bremen - Germany
149;153;River;0;# Rostock - Germany
149;154;River;0;# Hamburg - Germany
149;156;River;0;# Neuruppin - Germany
150;152;River;0;# Kiel - Germany
157;156;River;0;# Neuruppin - Germany
131;141;River;0;# Muenster - Germany
158;162;River;0;# Stralsund - Germany
158;159;River;0;# Meseritz - Germany
160;159;River;0;# Meseritz - Germany
160;158;River;0;# Stettin - Germany
163;160;River;0;# Frankfurt/Oder - Germany
163;156;River;0;# Neuruppin - Germany
163;160;River;0;# Frankfurt/Oder - Germany
164;166;River;0;# Waldenburg - Germany
164;167;River;0;# Breslau - Germany
164;165;River;0;# Liegnitz - Germany
165;159;River;0;# Meseritz - Germany
165;172;River;0;# Cottbus - Germany
168;166;River;0;# Waldenburg - Germany
169;157;River;0;# Potsdam - Germany
169;156;River;0;# Neuruppin - Germany
170;157;River;0;# Potsdam - Germany
170;169;River;0;# Magdeburg - Germany
170;171;River;0;# Erfurt - Germany
171;180;River;0;# Würzburg - Germany
171;137;River;0;# Kassel - Germany
172;170;River;0;# Leipzig - Germany
172;173;River;0;# Dresden - Germany
174;173;Impassable;0;# Dresden - Germany
175;176;River;0;# Landshut - Germany
178;177;River;0;# Nürnberg - Germany
179;177;River;0;# Nürnberg - Germany
180;136;River;0;# Karlsruhe - Germany
180;177;River;0;# Nürnberg - Germany
180;134;River;0;# Stuttgart - Germany
182;261;River;0;# Klaipeda - Baltic States
182;261;River;0;# Klaipeda - Baltic States
183;181;River;0;# Danzig - Germany
183;226;River;0;# Gdynia - Poland
184;261;Sea;2719;# Klaipedia - Lithuania
187;186;River;0;# Freistadt - Austria
187;193;River;0;# Sankt Pölten - Austria
193;186;River;0;# Freistadt - Austria
193;194;River;0;# Hollabrunn - Austria
194;195;River;0;# Wien - Austria
194;208;River;0;# Bratislava - Czechoslovakia
195;208;River;0;# Bratislava - Czechoslovakia
199;202;River;0;# Ceske Budejovice - Czechoslovakia
199;200;River;0;# Liberec - Czechoslovakia
199;207;River;0;# Praha - Czechoslovakia
200;206;Impassable;0;# Opava - Czechoslovakia
200;205;River;0;# Karlovy Vary - Czechoslovakia
204;205;Impassable;0;# Karlovy Vary - Czechoslovakia
208;196;River;0;# Brno - Czechoslovakia
208;188;River;0;# Eisenstadt - Austria
210;279;River;0;# Gyor - Hungary
210;278;River;0;# Szekesfehervar - Hungary
212;196;River;0;# Brno - Czechoslovakia
213;296;River;0;# Oradea - Romania
217;218;Sea;2694;# Frederikshavn - Denmark
220;219;Sea;290;# Odense - Denmark
221;166;Impassable;0;# Waldenburg - Germany
222;226;River;0;# Gdynia - Poland
222;225;River;0;# Bydgoszcz - Poland
223;234;River;0;# Radom - Poland
224;225;River;0;# Bydgoszcz - Poland
224;227;River;0;# Czestochowa - Poland
227;223;River;0;# Lodz - Poland
227;231;River;0;# Wloclawek - Poland
227;233;River;0;# Sosnowiec - Poland
228;229;River;0;# Ostroleka - Poland
228;234;River;0;# Radom   - Poland
228;229;River;0;# Ostroleka - Poland
228;232;River;0;# Warszawa - Poland
230;225;River;0;# Bydgoszcz - Poland
230;231;River;0;# Wloclawek - Poland
230;232;River;0;# Warszawa - Poland
230;229;River;0;# Ostroleka - Poland
230;250;River;0;# Lomza - Poland
230;250;Impassable;0;# Lomza - Poland
232;234;River;0;# Radom - Poland
233;235;River;0;# Krakow - Poland
233;237;River;0;# Tarnow - Poland
234;243;River;0;# Lublin - Poland
234;237;River;0;# Tarnow - Poland
235;221;River;0;# Katowice - Poland
236;239;River;0;# Przemysl - Poland
237;243;River;0;# Lublin - Poland
237;239;River;0;# Przemysl - Poland
239;236;River;0;# Nowy Sacz - Poland
240;302;Impassable;0;# Hotin - Romania
240;300;River;0;# Cernauti - Romania
240;238;River;0;# Stanislawow - Poland
240;241;River;0;# Stryj - Poland
241;242;River;0;# Lwow - Poland
246;247;River;0;# Brzesc Litewski - Poland
246;250;River;0;# Lomza - Poland
246;245;River;0;# Luck - Poland
249;248;River;0;# Pinsk - Poland
249;247;River;0;# Brzesc Litewski - Poland
250;228;River;0;# Siedlce - Poland
250;254;River;0;# Bialystok - Poland
251;255;River;0;# Grodno - Poland
251;256;River;0;# Molodeczno - Poland
255;253;River;0;# Slonim - Poland
255;252;River;0;# Suwalki - Poland
255;263;River;0;# Alytus - Baltic States
263;258;River;0;# Wilno - Poland
263;262;River;0;# Kaunas - Baltic States
263;259;River;0;# Siauliai - Baltic States
263;185;Impassable;0;# Allenstein - Germany
264;267;River;0;# Jekabpils - Baltic States
264;269;River;0;# Jelgava - Baltic States
266;257;River;0;# Glebokie - Poland
267;265;River;0;# Valmiera - Baltic States
267;266;River;0;# Daugavpils - Baltic States
272;273;River;0;# Voru - Baltic States
275;271;Sea;2724;# Parnu - Estonia
277;344;River;0;# Osijek - Balkan
277;345;River;0;# Bjelovar - Balkan
276;345;River;0;# Bjelovar - Balkan 
276;346;River;0;# Maribor - Balkan
278;284;River;0;# Budapest - Hungary
278;282;River;0;# Miskolc - Hungary
280;277;River;0;# Pecs - Hungary
280;281;River;0;# Debrecen - Hungary
281;215;River;0;# Uzhorod - Czechoslovakia
281;282;River;0;# Miskolc - Hungary
281;209;River;0;# Kosice - Czechoslovakia
283;280;River;0;# Szeged - Hungary
283;281;River;0;# Debrecen - Hungary
283;285;River;0;# Timisoara - Romania
284;277;River;0;# Pecs - Hungary
286;285;River;0;# Timisoara - Romania
286;295;River;0;# Resita - Romania
286;289;River;0;# Alba Iulia - Romania
286;296;River;0;# Oradea - Romania
289;287;River;0;# Turda - Romania
291;311;River;0;# Ploesti - Romania
291;309;River;0;# Braila - Romania
291;287;River;0;# Turda - Romania
291;292;River;0;# Bistrita - Romania
293;292;River;0;# Bistrita - Romania
293;299;River;0;# Bacau - Romania
294;219;Sea;290;# Odense - Denmark 
296;215;River;0;# Uzhorod - Czechoslovakia
297;301;River;0;# Suceava - Romania
297;299;River;0;# Bacau - Romania
297;303;River;0;# Balti - Romania
297;305;River;0;# Cahul - Romania
298;305;River;0;# Cahul - Romania
298;310;River;0;# Constanta - Romania
298;309;River;0;# Braila - Romania
298;299;River;0;# Bacau - Romania
302;618;River;0;# Kam'anec'-Podil's'kij - Ukraine
302;240;River;0;# Tarnopol - Poland
303;619;River;0;# Mogiliv-Podil's'kij - Ukraine
303;618;River;0;# Kam'anec'-Podil's'kij - Ukraine
304;626;River;0;# Odesa - Ukraine
304;621;River;0;# Tiraspol - Ukraine
306;626;River;0;# Odesa - Ukraine
307;316;River;0;# Bucuresti - Romania
307;314;River;0;# Calarasi - Romania
308;307;River;0;# Dobrich - Romania
308;316;River;0;# Bucuresti - Romania
308;317;River;0;# Ruse - Balkan
310;309;River;0;# Braila - Romania
310;306;River;0;# Ismail - Romania
310;313;River;0;# Sulina - Romania
313;306;River;0;# Ismail - Romania
314;309;River;0;# Braila - Romania
314;310;River;0;# Constanta - Romania
314;311;River;0;# Ploesti - Romania
315;311;River;0;# Ploesti - Romania
315;308;River;0;# Giurgiu - Romania
318;312;River;0;# Turnu Severin - Romania
318;315;River;0;# Craiova - Romania
318;323;River;0;# Pleven - Balkan
320;328;River;0;# Kumanovo - Balkan
321;319;River;0;# Haskovo - Balkan
322;318;River;0;# Vidin - Balkan
323;308;River;0;# Giurgiu - Romania
323;315;River;0;# Craiova - Romania
324;319;River;0;# Haskovo - Balkan
324;370;River;0;# Alexandroupoli - Balkan
327;342;River;0;# Uzice - Balkan
327;335;River;0;# Prijepolje - Balkan
327;330;River;0;# Nis - Balkan
327;331;River;0;# Pirot - Balkan
329;328;Impassable;0;# Kumanovo - Balkan
331;329;River;0;# Pristina - Balkan
333;360;Impassable;0;# Korce - Balkan
333;369;Impassable;0;# Metsovo - Balkan
333;328;River;0;# Kumanovo - Balkan
335;329;River;0;# Pristina - Balkan
336;339;River;0;# Bor - Balkan
336;337;River;0;# Ruma - Balkan
336;341;River;0;# Novi Sad - Balkan
336;283;Impassable;0;# Bekescsaba - Hungary
336;283;Impassable;0;# Bekescsaba - Hungary
337;354;Impassable;0;# Tuzla - Balkan
338;337;River;0;# Ruma - Balkan
338;336;River;0;# Petrovgrad - Balkan
338;339;River;0;# Bor - Balkan
338;327;River;0;# Krusevac - Balkan
339;295;River;0;# Resita - Romania
339;312;River;0;# Turnu Severin - Romania
340;338;River;0;# Belgrad - Balkan
340;337;River;0;# Ruma - Balkan
341;337;River;0;# Ruma - Balkan
341;344;River;0;# Osijek - Balkan
342;355;River;0;# Sarajevo - Balkan
346;349;River;0;# Ljubljana - Balkan
346;188;River;0;# Eisenstadt - Austria
346;190;River;0;# Graz - Austria
346;191;River;0;# Klagenfurt - Austria
347;357;River;0;# Bihaa - Balkan
347;358;River;0;# Travnik - Balkan
347;351;River;0;# Knin - Balkan
348;473;River;0;# Cadiz - Spain
352;345;River;0;# Bjelovar - Balkan
352;353;River;0;# Banja Luka - Balkan
352;357;River;0;# Bihac - Balkan
353;345;River;0;# Bjelovar - Balkan
353;344;River;0;# Osijek - Balkan
353;354;River;0;# Tuzla - Balkan
354;337;Impassable;0;# Ruma - Balkan
354;344;River;0;# Osijek - Balkan
354;358;River;0;# Travnik - Balkan
354;337;River;0;# Ruma - Balkan
354;340;River;0;# Sabac - Balkan
354;342;River;0;# Uzice - Balkan
365;364;River;0;# Kavala - Balkan
365;320;River;0;# Gorna Dzumaja - Balkan
366;365;River;0;# Thessaloniki - Balkan
370;385;River;0;# Edirne - Anatolia
371;360;Sea;2739;# 
373;377;River;0;# Athina - Balkan
374;368;River;0;# Larissa - Balkan
374;381;Impassable;0;# Ermoupoli - Balkan
376;371;Sea;2739;# 
378;1079;Sea;2743;# 
380;379;Impassable;0;# Rodos - Balkan
384;370;River;0;# Alexandroupoli - Balkan
386;711;River;0;#
389;189;River;0;#
389;132;River;0;#
389;133;Impassable;0;#
389;390;River;0;#
398;396;Impassable;0;# Genova - Italy
398;407;River;0;# Milano - Italy
399;398;River;0;# Torino - Italy
399;407;River;0;# Milano - Italy
400;393;River;0;# Brescia - Italy
400;411;River;0;# Bologna - Italy
407;395;River;0;# Bergamo - Italy
407;393;River;0;# Brescia - Italy
408;400;River;0;# Parma - Italy
408;407;River;0;# Milano - Italy
408;393;River;0;# Brescia - Italy
409;1076;River;0;# Izmit - Anatolia
412;411;River;0;# Bologna - Italy
424;423;River;0;# Campobasso - Italy
426;420;River;0;# Foggia - Italy
426;423;River;0;# Campobasso - Italy
431;425;Sea;2184;# 
436;461;River;0;# Castellon de la Plana - Spain
436;438;River;0;# Huesca - Spain
439;438;River;0;# Huesca - Spain
442;461;Impassable;0;# Castellon de la Plana - Spain
442;438;River;0;# Huesca - Spain
442;436;River;0;# Tarragona - Spain
442;446;River;0;# Pamplona - Spain
448;447;River;0;# Salamanca - Spain
451;443;River;0;# Bilbao - Spain
452;451;River;0;# Burgos - Spain
452;448;River;0;# Leon - Spain
453;482;River;0;# Covilha - Portugal
453;450;River;0;# Plasencia - Spain
456;443;River;0;# Bilbao - Spain
456;446;River;0;# Pamplona - Spain
457;450;River;0;# Plasencia - Spain
458;453;River;0;# Caceres - Spain
458;480;River;0;# Evora - Portugal
458;457;River;0;# Toledo - Spain
460;454;River;0;# Tarancon - Spain
460;457;River;0;# Toledo - Spain
468;457;River;0;# Toledo - Spain
470;467;River;0;# Cordoba - Spain
472;478;River;0;# Bajah - Portugal
474;472;River;0;# Huelva - Spain
474;467;River;0;# Cordoba - Spain
476;477;River;0;# Setobal - Portugal
479;481;River;0;# Porto - Portugal
481;447;River;0;# Salamanca - Spain
482;477;River;0;# Setobal - Portugal
482;480;River;0;# Evora - Portugal
484;483;River;0;# Oslo - Norway
484;486;River;0;# Honefoss - Norway
484;492;River;0;# Lillehammer - Norway
489;492;River;0;# Lillehammer - Norway
494;495;Sea;2671;# Narvik - Norway
498;499;River;0;# Ekibastuz - Kazakstan
498;505;River;0;# Sar - Kazakstan
498;507;River;0;# Ust-Kamenogorsk - Kazakstan
501;1115;River;0;# Qostanay - Kazakstan
501;1116;River;0;# Derjavinsk - Kazakstan
502;503;River;0;# Qaragandi - Kazakstan
504;506;River;0;# Taldiqorgan - Kazakstan
506;505;River;0;# Sar - Kazakstan
507;505;River;0;# Sar - Kazakstan
524;526;Sea;2727;# Ahvenanmaa - Finland
539;556;River;0;# Vytegra - Russia
539;557;River;0;# Tihvin - Russia
542;688;River;0;# Uhta - Urals
543;544;River;0;# Kicmengskij Gorodok - Russia
543;548;River;0;# Volodga - Russia
544;688;River;0;# Uhta - Urals
545;688;River;0;# Uhta - Urals
545;544;River;0;# Kicmengskij Gorodok - Russia
547;556;River;0;# Vytegra - Russia
550;274;River;0;# Narva - Baltic States
552;274;River;0;# Narva - Baltic States
553;550;River;0;# Kingisepp - Russia
553;551;River;0;# Krasnogvardejsk - Russia
553;557;Impassable;0;# Leningrad - Russia
554;676;River;0;# Rybinsk - Russia
554;548;River;0;# Volodga - Russia
554;677;River;0;# Jaroslavl - Russia
554;570;River;0;# Zagorsk - Russia
555;547;River;0;# Kirillov - White Sea Tundra
555;548;River;0;# Volodga - Russia
562;560;River;0;# Novgorod - Russia
562;551;River;0;# Krasnogvardejsk - Russia
563;558;River;0;# Rzev - Russia
567;568;River;0;# Solnecnogorsk - Russia
568;558;River;0;# Rzev - Russia
569;570;River;0;# Zagorsk - Russia
569;568;River;0;# Solnecnogorsk - Russia
569;558;River;0;# Rzev - Russia
571;678;River;0;# Vladimir - Russia
571;570;River;0;# Zagorsk - Russia
572;570;River;0;# Zagorsk - Russia
572;678;River;0;# Vladimir - Russia
573;589;River;0;# Smolensk - Russia
573;575;River;0;# Safonovo - Russia
573;577;River;0;# Nelidovo - Russia
574;575;River;0;# Safonovo - Russia
577;558;River;0;# Rzev - Russia
579;571;River;0;# Orehovo-Zuevo - Russia
579;583;River;0;# Efremov - Russia
581;582;River;0;# Livny - Russia
581;583;River;0;# Efremov - Russia
581;587;River;0;# Klincy - Russia
584;567;River;0;# Serpuhov - Russia
584;576;River;0;# Kaluga - Russia
585;583;River;0;# Efremov - Russia
586;575;River;0;# Safonovo - Russia
586;589;River;0;# Smolensk - Russia
586;588;River;0;# Brjansk - Russia
587;602;River;0;# Zeleznogorsk - Russia
588;581;River;0;# Orel - Russia
588;587;River;0;# Klincy - Russia
591;599;River;0;# Minsk - Belarus
593;257;River;0;# Glebokie - Poland
593;592;River;0;# Barysau - Belarus
593;590;River;0;# Viciebsk - Belarus
593;589;River;0;# Smolensk - Russia
594;598;River;0;# Recyca - Belarus
594;597;River;0;# Luban - Belarus
594;599;River;0;# Minsk - Belarus
594;596;River;0;# Sluck - Belarus
595;598;River;0;# Recyca - Belarus
595;597;River;0;# Luban - Belarus
595;248;River;0;# Pinsk - Poland
600;589;River;0;# Smolensk - Russia
600;590;River;0;# Viciebsk - Belarus
600;591;River;0;# Orsa - Belarus
600;594;River;0;# Babrujsk - Belarus
601;594;River;0;# Babrujsk - Belarus
601;598;River;0;# Recyca - Belarus
603;646;River;0;# Alekseevka - Russia
607;602;River;0;# Zeleznogorsk - Russia
607;605;River;0;# Konotop - Ukraine
607;608;River;0;# Nizin - Ukraine
607;617;River;0;# Kiiv - Ukraine
607;609;River;0;# Korosten - Ukraine
607;598;River;0;# Recyca - Belarus
608;613;River;0;# Cerkasi - Ukraine
608;617;River;0;# Kiiv - Ukraine
609;598;River;0;# Recyca - Belarus
610;613;River;0;#
612;619;River;0;# Mogiliv-Podil's'kij - Ukraine
612;618;River;0;# Kam'anec'-Podil's'kij - Ukraine
614;618;River;0;# Kam'anec'-Podil's'kij - Ukraine
615;619;River;0;# Mogiliv-Podil's'kij - Ukraine
621;303;River;0;# Balti - Romania
622;624;River;0;# Herson - Ukraine
622;625;River;0;# Ocakiv - Ukraine
623;622;River;0;# Mikolaiv - Ukraine
625;615;River;0;# Uman - Ukraine
627;629;River;0;# Poltava - Ukraine
627;632;River;0;# Dnipropetrovs'k - Ukraine
627;630;River;0;# Zaporizza - Ukraine
627;623;River;0;# Melitopol - Ukraine
628;610;River;0;# Kremencuk - Ukraine
628;629;River;0;# Poltava - Ukraine
633;635;River;0;# Stalino - Ukraine
633;636;River;0;# Harkiv - Ukraine
634;633;River;0;# Kup'ans'k - Ukraine
634;649;River;0;# Kamensk - Ukraine
639;624;River;0;# Herson - Ukraine
640;694;Sea;2733;# Novorossijsk - Kaukasus 
640;694;River;0;# Novorossijsk - Kaukasus
642;655;River;0;# Uryupinsk - Russia
642;659;River;0;# Kalac-na-Donu - Russia
642;662;River;0;# Kotel'nikovo - Russia
644;649;River;0;# Kamensk-Sahtinskij - Russia
644;643;River;0;# Morozovsk - Russia
644;645;River;0;# Konstantinovsk - Russia
645;662;River;0;# Kotel'nikovo - Russia
652;580;River;0;# Elec - Russia
653;648;River;0;# Rossos - Russia
653;649;River;0;# Kamensk-Sahtinskij - Russia
654;580;River;0;# Elec - Russia
654;647;River;0;# Staryj Oskol - Russia
654;648;River;0;# Rossos - Russia
655;649;River;0;# Kamensk-Sahtinskij - Russia
656;664;River;0;# Nabereznyje Celny - Russia
656;667;River;0;# Tol'jatti - Russia
660;669;River;0;# Saratov - Russia
660;661;River;0;# Kamysin - Russia
660;663;River;0;# Stalingrad - Russia
660;662;River;0;# Kotel'nikovo - Russia
660;699;River;0;# Elista - Kaukasus
664;687;River;0;# Perm - Urals
664;1131;River;0;# Ufa - Urals
666;665;River;0;# Vol'sk - Russia
666;669;River;0;# Saratov - Russia
667;665;River;0;# Vol'sk - Russia
668;667;River;0;# Tol'jatti - Russia
671;1130;River;0;# Berezniki - Russia
686;1130;River;0;# Berezniki - Russia
672;664;River;0;# Nabereznyje Celny - Russia
672;687;River;0;# Perm - Urals
674;672;River;0;# Kazan - Russia
674;664;River;0;# Nabereznyje Celny - Russia
675;672;River;0;# Kazan - Russia
675;673;River;0;# Joskar-Ola - Russia
677;676;River;0;# Rybinsk - Russia
677;681;River;0;# Kostroma - Russia
679;683;River;0;# Arzamas - Russia
679;678;River;0;# Vladimir - Russia
679;578;River;0;# Sasovo - Russia
679;579;River;0;# Rjazan - Russia
682;680;River;0;# Gor'kij - Russia
682;681;River;0;# Kostroma - Russia
682;683;River;0;# Arzamas - Russia
682;679;River;0;# Murom - Russia
683;680;River;0;# Gor'kij - Russia
683;673;River;0;# Joskar-Ola - Russia
685;688;River;0;# Uhta - Urals
687;671;River;0;# Izevsk - Russia
689;686;River;0;# Kudymkar - Urals
690;1131;River;0;# Ufa - Urals
691;693;River;0;# Maykop - Kaukasus
691;694;River;0;# Novorossiysk - Kaukasus
691;695;River;0;# Sochi - Kaukasus
692;697;River;0;# Volgodonsk - Kaukasus
692;644;River;0;# Rostov-na-Donu - Russia
694;640;Sea;2732;# Kerch - Ukraine
697;644;River;0;# Rostov-na-Donu - Russia
697;645;River;0;# Konstantinovsk - Russia
698;703;River;0;# Vladikavkaz - Kaukasus
698;702;River;0;# Groznyj - Kaukasus
699;698;River;0;# Vorosilovsk - Kaukasus
699;692;River;0;# Sal'sk - Kaukasus
700;704;River;0;# Mahackala - Kaukasus
702;700;River;0;# Hasavjurt - Kaukasus
706;699;River;0;# Elista - Kaukasus
713;1081;River;0;# Rast - Persia
716;724;River;0;# Oujda - Morocco
721;724;River;0;# Oujda - Morocco
723;725;River;0;# Oujda - Morocco
723;724;River;0;# Oujda - Morocco
722;718;River;0;# Casablanca - Morocco
726;723;River;0;# Khenifra - Morocco
727;730;River;0;# Orleansville - Algeria
728;727;River;0;# Alger - Algeria
730;732;River;0;# Djelfa - Algeria
737;776;Impassable;0;# Sabhah - Libya
737;753;Impassable;0;# Ghadamis - Libya
737;741;Impassable;0;# Tataouine - Tunisia
738;737;Impassable;0;#
738;776;Impassable;0;#
738;946;Impassable;0;#
738;984;Impassable;0;# Gao
739;984;Impassable;0;# Gao
739;987;Impassable;0;# El Aiun - Sahara
739;989;Impassable;0;# Villa Bens - Sahara
739;725;Impassable;0;# Quarzazate - Morocco
739;985;Impassable;0;# Tombouctou - West Africa
741;740;Impassable;0;# Kasserine - Tunisia
748;747;River;0;# Tunis - Tunisia
749;746;River;0;# El Kef - Tunisia
749;747;River;0;# Tunis - Tunisia
751;758;Impassable;0;# Bu Nujaym - Libya
754;773;Impassable;0;# Jalu - Libya
760;764;Impassable;0;# Al Bayda - Libya
760;764;Impassable;0;# Al Bayda - Libya
774;922;Impassable;0;#
774;801;Impassable;0;# Moghara-El farafra
774;802;Impassable;0;#
774;804;Impassable;0;# Dunqula - Sudan
774;777;Impassable;0;#
775;766;Impassable;0;#
775;769;Impassable;0;#
775;770;Impassable;0;#
775;773;Impassable;0;#
776;922;Impassable;0;#
776;946;Impassable;0;#
777;770;Impassable;0;#
777;773;Impassable;0;#
777;779;Impassable;0;# Siwah - Egypt
777;775;Impassable;0;# Wadi al Hamim - Libya
779;801;Impassable;0;# Siwah-El farafra
799;801;Impassable;0;# Moghara-El farafra
799;800;Impassable;0;# Moghara-Bir Nahid
801;777;Impassable;0;# El farafra-Ayn Ath thalab 
788;787;River;0;# Al-Qahirah - Egypt
788;790;River;0;# Tanta - Egypt
790;789;River;0;# Alexandria - Egypt
790;787;River;0;# Al-Qahirah - Egypt
790;786;River;0;# Dimyat - Egypt
794;797;River;0;# Al-Uqsur - Egypt
794;796;River;0;# Al-Ghardaqah - Egypt
795;794;River;0;# Asyut - Egypt
795;798;River;0;# Al-Kharga - Egypt
796;793;River;0;# Minian - Egypt
796;792;River;0;# Al-Fayyum - Egypt
796;788;Impassable;0;# Cairo - Egypt
798;792;Impassable;0;# Al-Fayyum - Egypt
799;778;Impassable;0;# Bir Fuad - Egypt
799;785;Impassable;0;# Matruh - Egypt
799;784;Impassable;0;# Fuqa - Egypt
799;783;Impassable;0;# Al'Alamayn - Egypt
799;800;Impassable;0;# Bir Nahid - Egypt
801;798;Impassable;0;# Al-Kharga - Egypt
802;801;Impassable;0;# Moghara-El farafra
802;804;Impassable;0;# Dunqula - Sudan
803;798;River;0;# Al-Kharga - Egypt
803;804;River;0;# Dunqula - Sudan
805;811;River;0;# Al-Qadarif - Sudan
805;810;River;0;# Al-Khartum - Sudan
805;814;River;0;# Kassala - Sudan
805;803;River;0;# Wadi Halfa - Sudan
805;814;River;0;# Kassala - Sudan
805;811;River;0;# Al-Qadarif - Sudan
806;807;Impassable;0;# Juba - Sudan
806;810;River;0;# Khartom - Sudan
806;812;River;0;# Malakal - Sudan
807;812;River;0;# Malakal - Sudan
807;829;River;0;# Jimma - Ethiopia
809;927;Impassable;0;# Ouadda - Central Africa
809;807;River;0;# Juba - Sudan
811;810;River;0;# Al-Khartum - Sudan
812;811;River;0;# Al-Qadarif - Sudan
814;811;River;0;# Al-Qadarif - Sudan
820;821;River;0;# Adigrat - Ethiopia
822;820;River;0;# Dessie - Ethiopia
822;825;River;0;# Addis Abeba - Ethiopia
823;821;River;0;# Adigrat - Ethiopia
823;817;River;0;# Asmaraa - Ethiopia
823;814;River;0;# Kassala - Sudan
824;811;River;0;# Al-Qadarif - Sudan
824;822;River;0;# Debre Marqos - Ethiopia
826;830;River;0;# Arba Minch - Ethiopia
826;838;River;0;# Kismaayo - Horn of Africa
826;828;River;0;# Harer - Ethiopia
826;827;River;0;# Gode - Ethiopia
836;838;River;0;# Kismaayo - Horn of Africa
837;836;River;0;# Muqdisho - Horn of Africa
837;838;River;0;# Kismaayo - Horn of Africa
837;835;River;0;# Galkayo - Horn of Africa
841;839;River;0;# Garissa - Horn of Africa
842;839;River;0;# Garissa - Horn of Africa
842;839;River;0;# Garissa - Horn of Africa
844;845;River;0;# Gulu - East Africa
844;903;Impassable;0;# Aba - Central Africa
844;904;Impassable;0;# Stanleyville - Central Africa
849;850;River;0;# Dar es Salaam - East Africa
855;856;River;0;# Maxixe - East Africa
855;866;River;0;# Bulawayo - South Africa
856;857;River;0;# Beira - East Africa
857;858;Impassable;0;# Ulongue - East Africa
857;854;River;0;# Nampula - East Africa
859;860;River;0;# Kalabo - South Africa
859;871;Impassable;0;# Maun - South Africa
859;885;River;0;# Katima Mulilo - Southwest Africa
859;868;River;0;# Hwange - South Africa
859;867;River;0;# Salisbury - South Africa
859;863;River;0;# Lusaka - South Africa
861;898;Impassable;0;# Elisabethville - Central Africa
861;898;River;0;# Elisabethville - Central Africa
862;860;River;0;# Kalabo - South Africa
862;863;River;0;# Lusaka - South Africa
863;867;River;0;# Salisbury - South Africa
863;858;Impassable;0;# Ulongue - East Africa
864;858;Impassable;0;# Ulongue - East Africa
865;858;Impassable;0;# Ulongue - East Africa
865;863;River;0;# Lusaka - East Africa
865;861;River;0;# Kasama - East Africa
866;867;River;0;# Salisbury - South Africa
867;856;River;0;# Maxixe - East Africa
868;859;River;0;# Livingstone - South Africa
872;855;Impassable;0;# Lourenco Marques - East Africa
873;869;River;0;# Francistown - South Africa
873;866;River;0;# Bulawayo - South Africa
874;872;River;0;# Durban - South Africa
874;881;River;0;# Port Elizabeth - South Africa
875;881;River;0;# Port Elizabeth - South Africa
876;869;River;0;# Francistown - South Africa
879;883;River;0;# Lüderitz - Southwest Africa
879;878;River;0;# Kimberley - South Africa
879;875;River;0;# Bloemfontein - South Africa
886;885;River;0;# Katima Mulilo - Southwest Africa
887;862;Impassable;0;# Chingola - South Africa
890;897;River;0;# Kolwezi - Central Africa
886;891;River;0;# Menongue - Central Africa 
888;891;River;0;# Menongue - Central Africa 
895;890;River;0;# Henrique de Carvalho - Central Africa
895;894;River;0;# Matadi - Central Africa
895;901;River;0;# Kikwit - Central Africa
895;892;River;0;# Lobito - Central Africa
898;897;River;0;# Kolwezi - Central Africa
898;902;River;0;# Luluabourg - Central Africa
898;861;River;0;# Kasama - South Africa
899;907;River;0;# Brazzaville - Central Africa
899;894;River;0;# Matadi - Central Africa
899;906;River;0;# Coquilhatville - Central Africa
899;901;River;0;# Kikwit - Central Africa
902;901;River;0;# Kikwit - Central Africa
902;890;River;0;# Henrique de Carvalho - Central Africa
904;908;River;0;# Ouesso - Central Africa
904;926;River;0;# Bangui - Central Africa
904;923;River;0;# Bambari - Central Africa
904;903;River;0;# Aba - Central Africa
904;919;Impassable;0;# Bouar - Central Africa
905;902;River;0;# Luluabourg - Central Africa
905;906;Impassable;0;# Coquilhatville - Central Africa
906;901;River;0;# Kikwit - Central Africa
906;904;River;0;# Stanleyville - Central Africa
906;907;River;0;# Brazzaville - Central Africa
906;908;River;0;# Ouesso - Central Africa
911;910;Impassable;0;# Bertoua - Central Africa
911;909;River;0;# Yaounde - Central Africa
911;910;River;0;# Bertoua - Central Africa
918;915;River;0;# Libreville - Central Africa
918;914;River;0;# Franceville - Central Africa
920;924;River;0;# Moundou - Central Africa
920;925;River;0;# Maroua - Central Africa
922;804;Impassable;0;# Dunqula - Sudan
923;903;River;0;# Aba - Central Africa
924;927;Impassable;0;# Ouadda - Central Africa
925;928;River;0;# N'Gaoundere - Central Africa
927;920;River;0;# N'Djamena - Central Africa
927;920;River;0;# N'Djamena - Central Africa
928;910;River;0;# Bertoua - Central Africa
931;941;River;0;# Abuja - West Africa
932;939;River;0;# Kaduna - West Africa
934;941;Impassable;0;# Abuja - West Africa
934;931;River;0;# Katsina-Ala - West Africa
934;930;River;0;# Port Harcourt - West Africa
934;939;River;0;# Kaduna - West Africa
935;930;River;0;# Port Harcourt - West Africa
936;938;River;0;# Maiduguri - West Africa
936;941;River;0;# Abuja - West Africa
937;932;River;0;# Ibadan - West Africa
938;940;River;0;# Kano - West Africa
942;984;Impassable;0;# Gao - West Africa
942;944;River;0;# Niamey - West Africa
943;938;River;0;# Maiduguri - West Africa
944;932;River;0;# Ibadan - West Africa
949;944;River;0;# Niamey - West Africa
952;955;River;0;# Ho - West Africa
953;952;River;0;# Tamale - West Africa
953;959;River;0;# Bobo-Dioulasso - West Africa
953;961;River;0;# Bouake - West Africa
954;953;River;0;# Wa - West Africa
954;952;River;0;# Tamale - West Africa
954;955;River;0;# Ho - West Africa
956;955;River;0;# Ho - West Africa
957;945;River;0;# Tenkodogo - West Africa
958;959;River;0;# Bobo-Dioulasso - West Africa
958;945;River;0;# Tenkodogo - West Africa
959;957;River;0;# Ouagadougou - West Africa
960;968;River;0;# Korhogo - West Africa
961;953;River;0;# Wa - West Africa
961;968;River;0;# Korhogo - West Africa
962;970;River;0;# San Pedro - West Africa
964;965;Impassable;0;# Labe - West Africa
965;967;River;0;# Kankan - West Africa
965;972;River;0;# Segou - West Africa
968;973;Impassable;0;# Sikasso - West Africa
970;960;River;0;# Yamoussoukro - West Africa
972;976;River;0;# Bamako - West Africa
972;973;River;0;# Sikasso - West Africa
972;974;River;0;# Mopti - West Africa
974;942;Impassable;0;# Say - West Africa
974;984;River;0;# Gao - West Africa
974;985;River;0;# Tombouctou - West Africa
975;982;River;0;# Kiffa - West Africa
975;971;River;0;# Nioro du Sahel - West Africa
975;976;River;0;# Bamako - West Africa
976;974;Impassable;0;# Mopti - West Africa
977;975;River;0;# Kayes - West Africa
977;979;River;0;# Banjul - West Africa
977;980;River;0;# Ziguinchor - West Africa
979;977;River;0;# Tambacounda - West Africa
979;978;River;0;# Dakar - West Africa
983;981;River;0;# Nawaksut - West Africa
983;982;River;0;# Kiffa - West Africa
983;975;Impassable;0;# Kayes - West Africa
984;946;Impassable;0;# Agadez - West Africa
1006;791;River;0;# Bur Sa'id - Egypt
1010;1026;River;0;# Al-Kerak - Middle East
1172;1023;River;0;# Irbid - Middle East
1172;1026;River;0;# Al-Kerak - Middle East
1013;1020;River;0;# Golan - Middle East
1013;1023;River;0;# Irbid - Middle East
1014;1021;River;0;# Khalpe - Middle East
1014;1017;River;0;# Hims - Middle East
1015;1062;River;0;# Hakkari - Anatolia
1027;1015;River;0;# al-Qamisli - Middle East
1027;1029;River;0;# Al Musul - Middle East
1027;1034;River;0;# Bagdad - Middle East
1027;1036;River;0;# Kirkuk - Middle East
1028;1035;River;0;# Kut-Al-Imara - Middle East
1028;1037;River;0;# an-Nasiriyyah - Middle East
1030;1033;River;0;# Al Hillah - Middle East
1030;1037;River;0;# an-Nasiriyyah - Middle East
1032;1037;River;0;# an-Nasiriyyah - Middle East
1032;1028;River;0;# Al 'Amarah - Middle East
1032;1089;River;0;# Ahvaz - Persia
1033;1017;River;0;# Hims - Middle East
1033;1035;River;0;# Kut-Al-Imara - Middle East
1033;1034;River;0;# Bagdad - Middle East
1033;1027;River;0;# Arbil - Middle East
1035;1034;River;0;# Bagdad - Middle East
1035;1036;River;0;# Kirkuk - Middle East
1037;1031;River;0;# An Najaf - Middle East
1037;1035;River;0;# Kut-Al-Imara - Middle East
1039;1038;Impassable;0;# Ad-Dohah - Middle East
1052;1047;Impassable;0;# El Hofuf - Arabian Desert
1052;1051;River;0;# El Mukalla - Yemenite Mountains
1056;1014;River;0;# 
1056;1060;River;0;# Diyarbakir - Anatolia
1060;1061;River;0;# Maltya - Anatolia
1062;1060;River;0;# Diyarbakir - Anatolia
1064;1059;River;0;# Sivas - Anatolia
1064;1066;River;0;# Samsun - Anatolia
1064;1061;River;0;# Maltya - Anatolia
1066;1065;River;0;# Karabük - Anatolia
1067;1063;River;0;# Erzurum - Anatolia
1067;1064;River;0;# Elazig - Anatolia
1072;1065;River;0;# Karabük - Anatolia
1068;1071;River;0;# Eskisehir - Anatolia
1071;1075;River;0;# Ankara - Anatolia
1059;1072;River;0;# Kirikkale - Anatolia
1065;1072;River;0;# Kirikkale - Anatolia
1070;1162;River;0;# Irkutsk - Irkutsk
1070;1163;River;0;# Bodaybo - Irkutsk
1070;1166;River;0;# Cheremkhovo - Irkutsk
1073;1072;River;0;# Kirikkale - Anatolia
1074;1072;River;0;# Kirikkale - Anatolia
1075;1072;River;0;# Kirikkale - Anatolia
1076;1068;River;0;# Zonguldak - Anatolia
1077;383;Sea;2742;# Mytilene - Greece
1078;1068;River;0;# Zonguldak - Anatolia
1082;711;River;0;# Erewan - Kaukasus
1082;714;River;0;# Naxcivan - Kaukasus
1083;711;River;0;# Erewan - Kaukasus
1083;712;River;0;# Step'anakert - Kaukasus
1083;713;River;0;# Baki - Kaukasus
1083;714;River;0;# Naxcivan - Kaukasus
1083;714;River;0;# Naxcivan - Kaukasus
1083;711;River;0;# Erewan - Kaukasus
1083;712;River;0;# Step'anakert - Kaukasus
1083;713;River;0;# Baki - Kaukasus
1097;1102;River;0;# Nukus - Central Asia
1097;1100;River;0;# Buxoro - Central Asia
1098;1100;River;0;# Buxoro - Central Asia
1098;1099;River;0;# Samarqand - Central Asia
1099;1109;River;0;# Simkent - Kazakstan
1099;1103;River;0;# Toshkent - Central Asia
1101;1102;River;0;# Nukus - Central Asia
1103;1105;River;0;# Stalinabad - Central Asia
1105;2170;River;0;# Galalabad - Afghanistan
1112;1110;River;0;# Qizilorda - Kazakstan
1112;1109;River;0;# Simkent - Kazakstan
1113;1114;River;0;# Aktjubinsk - Kazakstan
1113;1118;River;0;# Aqtaw - Kazakstan
1114;1134;River;0;# Orenburg - Eastern Russia
1116;502;River;0;# Akmolinsk - Kazakstan
1120;1209;Impassable;0;# Wulanhaote - China
1122;1240;Impassable;0;# Sili-yin Qota - China
1129;1153;Impassable;0;#
1129;688;Impassable;0;#
1129;1128;Impassable;0;#
1133;1134;River;0;# Orenburg - Eastern Russia
1135;1136;River;0;# Tjumen - Novosibirsk
1135;1139;River;0;# Tara - Novosibirsk
1136;1139;River;0;# Tara - Novosibirsk
1136;501;River;0;# Käksetaw - Kazakstan
1139;1138;River;0;# Omsk - Novosibirsk
1139;498;River;0;# Pavlodar - Kazakstan
1140;1143;River;0;# Bijsk - Novosibirsk
1142;1141;River;0;# Kujbysev - Novosibirsk
1142;1140;River;0;# Barnaul - Novosibirsk
1148;1149;River;0;# Mel'nikovo - Tomsk
1149;1142;River;0;# Novosibirsk - Novosibirsk
1150;1154;River;0;# Surgut - Tomsk
1152;1155;Impassable;0;# Noril'sk - Krasnoyarsk
1153;1152;Impassable;0;# Salehard - Tomsk
1153;1154;Impassable;0;# Surgut - Tomsk
1153;1150;Impassable;0;# Ostjako-Vogul'sk - Tomsk
1153;1135;Impassable;0;# Tobol'sk - Novosibirsk
1155;1148;Impassable;0;# Tomsk - Tomsk
1155;1165;Impassable;0;# Bratsk - Irkutsk
1155;1177;Impassable;0;# Nyurba - Far East Siberia
1155;1156;Impassable;0;# Krasnojarsk - Krasnoyarsk
1155;1157;Impassable;0;# Kansk - Krasnoyarsk
1156;1157;River;0;# Kansk - Krasnoyarsk
1156;1158;River;0;# Minusinsk - Krasnoyarsk
1158;1147;River;0;# Abakan - Novosibirsk
1163;1164;River;0;# Ust'-Kut - Irkutsk
1167;1162;River;0;# Irkutsk - Irkutsk
1164;1165;River;0;# Bratsk - Irkutsk
1166;1164;River;0;# Ust-Kut - Irkutsk
1174;1201;River;0;# Heihe - China
1170;1200;River;0;# Huma - China
1171;1170;River;0;#
1171;1176;River;0;# Blagovescensk - Far East Siberia
1171;1178;River;0;# Nezametnyj - Far East Siberia
1174;1176;River;0;# Blagovescensk - Far East Siberia
1174;1197;River;0;# Hegang - China
1175;1202;River;0;# Jiamusi - China
1176;1200;River;0;# Huma - China
1177;1180;River;0;# Verhojansk - Far East Siberia
1177;1179;River;0;# Jakutsk - Far East Siberia
1178;1179;River;0;# Jakutsk - Far East Siberia
1179;1163;River;0;# Bodajbo - Irkutsk
1180;1179;River;0;# Jakutsk - Far East Siberia
1180;1178;River;0;# Nezametnyj - Far East Siberia
1185;1189;River;0;# Nikolaevsk-na-Amure - Far East Siberia
1185;1187;River;0;# Komsomol'sk-na-Amure - Far East Siberia
1185;1188;River;0;# El'ban - Far East Siberia
1190;1188;River;0;# El'ban - Far East Siberia
1190;1175;River;0;# Birobidzan - Far East Siberia
1190;1202;River;0;# Jiamusi - China
1190;1204;River;0;# Jixi - China
1197;1205;River;0;# Mudanjiang - China
1197;1175;River;0;# Birobidzan - Far East Siberia
1198;1200;River;0;# Huma - China
1198;1201;River;0;# Heihe - China
1199;1203;River;0;# Qiqihaer - China
1199;1197;Impassable;0;# Hegang - China
1200;1168;River;0;# Borzja - Irkutsk
1201;1176;River;0;# Blagovescensk - Far East Siberia
1202;1197;River;0;# Hegang - China
1203;1213;River;0;# Baicheng - China
1203;1198;River;0;# Butehaqi - China
1204;1194;River;0;# Lesozavodsk - Far East Siberia
1206;1200;River;0;# Huma - China
1207;1212;River;0;# Yanji - China
1207;1199;River;0;# Ha'erbin - China
1208;1199;River;0;# Ha'erbin - China
1208;1218;River;0;# Panjin - China
1210;1218;River;0;# Panjin - China
1211;1212;River;0;# Yanji - China
1212;1227;Impassable;0;# Hamheung - Korea
1212;1196;Impassable;0;# Nikol'sk-Ussurijskij - Far East Siberia
1213;1199;River;0;# Ha'erbin - China
1214;1218;River;0;# Panjin - China
1214;1215;River;0;# Fushun - China
1215;1224;River;0;# Sinuiju - Korea
1217;1218;River;0;# Panjin - China
1217;1214;River;0;# Shenyang - China
1222;1223;River;0;# Wonsan - Korea
1224;1220;River;0;# Dandong - China
1225;1191;River;0;# Vladivostok - Far East Siberia
1225;1212;River;0;# Yanji - China
1226;1211;River;0;# Hunjiang - China
1226;1215;River;0;# Fushun - China
1228;1222;River;0;# Sariwon - Korea
1237;1235;River;0;# Fuxin - China
1241;1243;River;0;# Baoding - China
1242;1243;River;0;# Baoding - China
1244;1243;Impassable;0;# Baoding - China
1244;1241;River;0;# Tianjin - China
1244;1323;River;0;# Anyang - China
1244;1242;River;0;# Shijiazhuang - China
1247;1243;River;0;# Baoding - China
1247;1250;River;0;# Lingqiu - China
1249;1250;River;0;# Lingqiu - China
1249;1243;River;0;# Baoding - China
1250;1246;River;0;# Zhangyuan - China
1251;1269;Impassable;0;# Üqai - China
1251;1250;River;0;# Lingqiu - China
1253;1259;River;0;# Yan'an - China
1254;1260;River;0;# Yulin - China
1254;1252;River;0;# Taiyuan - China
1254;1253;River;0;# Linfen - China
1255;1257;River;0;# Tongguan - China
1255;1258;River;0;# Xi'an - China
1256;1263;River;0;# Tianshui - China
1256;1255;River;0;# Pingliang - China
1257;1253;River;0;# Linfen - China
1258;1314;River;0;# Shiyan - China
1258;1256;River;0;# Baoji - China
1259;1254;River;0;# Hequ - China
1259;1257;River;0;# Tongguan - China
1259;1255;River;0;# Pingliang - China
1260;1251;Impassable;0;# Datong - China
1260;1255;River;0;# Pingliang - China
1261;1267;River;0;# Ankang - China
1262;1264;River;0;# Lanzhou - China
1262;1284;River;0;# Xining - China
1264;1265;River;0;# Zhangye - China
1264;1284;River;0;# Xining - China
1264;1263;River;0;# Tianshui - China
1264;1261;River;0;# Longnan - China
1265;1284;River;0;# Xining - China
1267;1258;Impassable;0;# Xi'an - China
1267;1261;River;0;# Longnan - China
1268;1269;River;0;# Üqai - China
1268;1271;River;0;# Wuzhong - China
1268;1264;River;0;# Lanzhou - China
1269;1238;River;0;# Huhehaote - China
1269;1270;River;0;# Linhe - China
1269;1272;Impassable;0;# Bayan Hot - China
1273;1276;River;0;# Karamay - China
1274;1279;River;0;# Kaxgar - China
1277;1121;Impassable;0;# Bayankhongor - China
1277;1283;Impassable;0;# Ge'ermu - China
1278;1287;Impassable;0;# Sger Rtse - China
1279;1104;Impassable;0;# Xorug - Central Asia
2173;1104;River;0;# Xorug - Central Asia
1105;2168;River;0;# Kondoz - Central Asia
1099;2168;River;0;# Kondoz - Central Asia
1282;1279;River;0;# Kaxgar - China
1282;1275;River;0;# Aqsu - China
1282;1281;River;0;# mchi - China
1283;1293;Impassable;0;# Panzhihua - China
1283;1292;Impassable;0;# Ya'an - China
1285;1283;River;0;# Ge'ermu - China
1288;1289;River;0;# Lha Sa - China
1288;1287;River;0;# Sger Rtse - China
1288;1286;River;0;# Senge Khabab - China
1289;1290;River;0;# Ri BO CHe - China
1290;1295;River;0;# Nying Khri - China
1290;1287;Impassable;0;# Sger Rtse - China
1290;1294;River;0;# Chab Mdo - China
1291;1390;River;0;# Kunming - China
1291;1293;River;0;# Panzhihua - China
1291;1300;River;0;# Yibin - China
1291;1298;River;0;# Luzhou - China
1292;1284;River;0;# Xining - China
1292;1296;River;0;# Guanxian - China
1292;1298;Impassable;0;# Luzhou - China
1293;1292;River;0;# Ya'an - China
1293;1385;River;0;# Dali - China
1293;1294;River;0;# Chab Mdo - China
1293;1285;River;0;# Yushu - China
1295;1288;River;0;# Rgyal Rtse - China
1297;1292;River;0;# Ya'an - China
1297;1267;River;0;# Ankang - China
1297;1302;River;0;# Wanxian - China
1297;1299;River;0;# Chongqing - China
1298;1299;River;0;# Chongqing - China
1298;1304;River;0;# Zunyi - China
1299;1301;River;0;# Fuling - China
1300;1298;River;0;# Luzhou - China
1300;1303;River;0;#
1301;1302;River;0;# Wanxian - China
1301;1304;River;0;# Zunyi - China
1303;1388;Impassable;0;# Gejiu - China
1303;1381;River;0;# Bose - China
1304;1305;River;0;# Guiyang - China
1304;1299;River;0;# Chongqing - China
1304;1307;River;0;# Huaihua - China
1304;1299;River;0;# Chongqing - China
1305;1300;River;0;# Yibin - China
1305;1307;Impassable;0;# Huaihua - China
1305;1381;Impassable;0;# Bose - China
1306;1307;River;0;# Huaihua - China
1308;1309;River;0;# Xiangtan - China
1309;1307;River;0;# Huaihua - China
1309;1311;Impassable;0;# Chenzhou - China
1310;1308;Impassable;0;# Changsha - China
1310;1309;River;0;# Xiangtan - China
1312;1307;River;0;# Huaihua - China
1312;1311;River;0;# Chenzhou - China
1312;1378;River;0;# Guilin - China
1313;1308;Impassable;0;# Changsha - China
1313;1317;River;0;# Wuhan - China
1313;1316;River;0;# Suizhou - China
1313;1310;River;0;# Changde - China
1314;1325;River;0;# Nanyang - China
1315;1301;River;0;# Fuling - China
1315;1310;River;0;# Changde - China
1315;1325;Impassable;0;# Nanyang - China
1316;1315;River;0;# Yichang - China
1316;1320;River;0;# Xuchang - China
1318;1317;River;0;# Wuhan - China
1318;1313;River;0;# Shashi - China
1318;1344;River;0;# Anqing - China
1319;1327;River;0;# Heze - China
1319;1341;River;0;# Fuyang - China
1320;1324;River;0;# Zhengzhou - China
1320;1326;River;0;# Xinyang - China
1321;1319;River;0;# Kaifeng - China
1321;1324;River;0;# Zhengzhou - China
1321;1322;River;0;# Luoyang - China
1322;1253;River;0;# Linfen - China
1322;1320;River;0;# Xuchang - China
1323;1327;River;0;# Heze - China
1327;1321;Impassable;0;# Xinxiang - China
1329;1244;River;0;# Cangzhou - China
1330;1327;River;0;# Heze - China
1330;1323;Impassable;0;# Anyang - China
1330;1244;River;0;# Cangzhou - China
1332;1327;River;0;# Heze - China
1332;1333;River;0;# Huaiyin - China
1332;1336;River;0;# Xuzhou - China
1333;1339;River;0;# Suzhou - China
1334;1337;River;0;# Nanjing - China
1334;1343;River;0;# Huainan - China
1334;1339;River;0;# Suzhou - China
1334;1333;River;0;# Huaiyin - China
1335;1333;River;0;# Huaiyin - China
1336;1333;River;0;# Huaiyin - China
1336;1327;River;0;# Heze - China
1337;1338;River;0;# Shanghai - China
1337;1343;River;0;# Huainan - China
1337;1340;River;0;# Hefei - China
1339;1341;River;0;# Fuyang - China
1341;1340;Impassable;0;# Hefei - China
1341;1326;River;0;# Xinyang - China
1341;1324;River;0;# Zhengzhou - China
1342;1344;River;0;# Anqing - China
1342;1340;River;0;# Hefei - China
1343;1339;River;0;# Suzhou - China
1343;1341;River;0;# Fuyang - China
1344;1350;River;0;# Jingdezhen - China
1344;1318;River;0;# Huangshi - China
1345;1338;River;0;# Shanghai - China
1347;1351;River;0;# Shangrao - China
1347;1346;River;0;# Ningbo - China
1348;1345;River;0;# Hangzhou - China
1348;1351;River;0;# Shangrao - China
1349;1355;River;0;# Ji'an - China
1349;1354;River;0;# Ganzhou - China
1350;1353;River;0;# Jiujiang - China
1350;1352;Impassable;0;# Nanchang - China
1351;1342;Impassable;0;# Xuanzhou - China
1352;1353;River;0;# Jiujiang - China
1352;1355;River;0;# Ji'an - China
1353;1344;Impassable;0;# Anqing - China
1356;1360;River;0;# Xiamen - China
1356;1349;River;0;# Xingan - China
1358;1359;River;0;# Sanming - China
1359;1357;River;0;# Nanping - China
1360;1358;River;0;# Fuzhou - China
1365;1367;Sea;2524;# Naoming - China
1369;1377;River;0;# Yulin - China
1369;1372;River;0;# Macao - China
1373;1369;River;0;# Guangzhou - China
1374;1376;River;0;# Debao - China
1374;1379;River;0;# Nanning - China
1376;1379;River;0;# Nanning - China
1376;1381;River;0;# Bose - China
1377;1379;River;0;# Nanning - China
1379;1382;River;0;# Hechi - China
1381;1382;River;0;# Hechi - China
1382;1306;River;0;# Kaili - China
1382;1380;River;0;# Liuzhou - China
1382;1383;River;0;# Wuzhou - China
1383;1377;River;0;# Yulin - China
1383;1379;River;0;# Nanning - China
1383;1368;Impassable;0;# Shaoguan - China
1384;1290;River;0;# Ri Bo Che - China
1385;1290;River;0;# Ri Bo Che - China
1386;1387;River;0;# Jinghong - China
1386;1389;River;0;# Baoshan - China
1386;1395;Impassable;0;# Ha Noi - Indochine
1388;1386;River;0;# Pu'er - China
1389;1384;River;0;# Luxi - China
1389;1385;River;0;# Dali - China
1390;1293;Impassable;0;# Panzhihua - China
1390;1386;Impassable;0;# Pu'er - China
1391;1404;River;0;# Muang Xay - Indochine
1393;1392;River;0;# Haiphong - Indochine
1393;1388;River;0;# Gejiu - China
1394;1422;River;0;# Chon Buri - Indochine
1394;1405;River;0;# Viang-chan - Indochine
1395;1392;River;0;# Haiphong - Indochine
1395;1393;River;0;# Hoa Binh - Indochine
1396;1395;River;0;# Ha Noi - Indochine
1398;1400;River;0;# Phnum Penh - Indochine
1398;1402;River;0;# Battambang - Indochine
1400;1401;River;0;# Siem Reap - Indochine
1401;1398;River;0;# Lumphat - Indochine
1402;1394;River;0;# Pakxe - Indochine
1403;1399;River;0;# Sai Gon - Indochine
1403;1398;River;0;# Lumphat - Indochine
1404;1426;River;0;# Phitsanulok - Indochine
1404;1413;River;0;# Kyuing Tum - Indochine
1405;1428;River;0;# Phetchabun - Indochine
1405;1391;River;0;# Muang Xaignabouli - Indochine
1405;1404;River;0;# Muang Xay - Indochine
1407;1406;River;0;# Ha Hka - Indochine
1407;1442;River;0;# Imphal - India
1407;1410;River;0;# Manta Le - Indochine
1407;1409;River;0;# La Hri - Indochine
1409;1408;River;0;# Mrac Kri Na - Indochine
1409;1387;River;0;# Jinghong - China
1409;1389;River;0;# Baoshan - China
1411;1410;River;0;# Manta Le - Indochine
1411;1407;River;0;# Mum Hrwa - Indochine
1412;1413;River;0;# Kyuing Tum - Indochine
1413;1404;River;0;# Muang Xay - Indochine
1413;1409;River;0;# La Hri - Indochine
1413;1386;Impassable;0;# Pu'er - China
1416;1417;River;0;# Peh Kou - Indochine
1416;1412;River;0;# Taung Kri - Indochine
1417;1411;River;0;# Sarak - Indochine
1419;1415;River;0;# Rankun - Indochine
1419;1417;River;0;# Peh Kou - Indochine
1422;1427;River;0;# Khon Kaen - Indochine
1423;1424;River;0;# Nakhon Sawan - Indochine
1423;1426;River;0;# Phitsanulok - Indochine
1425;1412;River;0;# Taung Kri - Indochine
1426;1428;River;0;# Phetchabun - Indochine
1426;1424;River;0;# Nakhon Sawan - Indochine
1426;1425;River;0;# Chiang Mai - Indochine
1427;1423;River;0;# Krung Thep Maha Nakhon - Indochine
1427;1394;River;0;# Pakxe - Indochine
1427;1405;River;0;# Viang-chan - Indochine
1432;1437;River;0;# Johor Bahru - Indochine
1439;1443;River;0;# Dhubri - India
1440;1441;River;0;# Dibrugarh - India
1440;1442;River;0;# Imphal - India
1441;1455;River;0;# Itanagar - India
1443;1441;River;0;# Dibrugarh - India
1444;1450;River;0;# Cattagram - India
1444;1445;River;0;# Dhaka - India
1444;1449;River;0;# Rajshahi - India
1445;1449;River;0;# Rajshahi - India
1446;1476;River;0;# Ramchi - India
1447;1446;River;0;# Siliguri - India
1448;1447;River;0;# Calcutta - India
1449;1439;River;0;# Guvahati - India
1449;1447;River;0;# Calcutta - India
1450;1445;River;0;# Dhaka - India
1451;1454;River;0;# Simla - India
1454;1535;River;0;# Amrita Saras - India
1454;1453;River;0;# Dharmasala - India
1455;1442;River;0;# Imphal - India
1455;1458;River;0;# Mipi - India
1455;1295;River;0;# Nying Khri - China
1460;1459;River;0;# Dilli - India
1460;1463;River;0;# Carhdigarh - India
1461;1467;River;0;# Gorakhpur - India
1461;1468;River;0;# Kanpur - India
1462;1465;River;0;# Patna - India
1462;1466;River;0;# Arrah - India
1462;1461;River;0;# Lakhnau - India
1463;1451;River;0;# Dehradun - India
1464;1460;River;0;# Merath - India
1465;1466;River;0;# Arrah - India
1466;1476;River;0;# Ramchi - India
1466;1469;River;0;# Raigarh - India
1466;1461;River;0;# Lakhnau - India
1466;1468;River;0;# Kanpur - India
1467;1464;River;0;# Bareli - India
1468;1464;River;0;# Bareli - India
1468;1483;River;0;# Rewa - India
1468;1523;River;0;# Gwalior - India
1469;1483;River;0;# Rewa - India
1469;1479;River;0;# Jabalpur - India
1470;1469;River;0;# Raigarh - India
1470;1477;River;0;# Raipur - India
1471;1473;River;0;# Kataka - India
1473;1470;River;0;# Balangir - India
1473;1472;River;0;# Jamsedpur - India
1473;1476;River;0;# Ramchi - India
1476;1462;River;0;# Muzaffarpur - India
1478;1480;River;0;# Bhopal - India
1480;1484;River;0;# Chhindwara - India
1481;1478;River;0;# Burhanpur - India
1484;1479;River;0;# Jabalpur - India
1486;1516;River;0;# Pune - India
1487;1508;River;0;# Solapur - India
1487;1515;River;0;# Hubli - India
1488;1474;River;0;# Jeypore - India
1488;1475;River;0;# Bastar - India
1488;1485;River;0;# Nagpur - India
1489;1486;River;0;# Aurangabad - India
1489;1508;River;0;# Solapur - India
1490;1491;River;0;# Nalgonda - India
1490;1487;River;0;# Haidarabad - India
1491;1501;River;0;# Anantapur - India
1492;1488;River;0;# Warangal - India
1492;1489;River;0;# Nizamabad - India
1493;1488;River;0;# Warangal - India
1496;1498;River;0;# Vijayawada - India
1496;1491;River;0;# Nalgonda - India
1498;1493;River;0;# Vishakhapatnam - India
1499;1500;River;0;# Madras - India
1499;1506;River;0;# Salem - India
1501;1490;River;0;# Raichur - India
1505;1506;River;0;# Salem - India
1514;1481;River;0;# Indore - India
1515;1501;River;0;# Anantapur - India
1521;1520;River;0;# Surat - India
1521;1514;River;0;# Nasik - India
1523;1524;River;0;# Jaypur - India
1524;1528;River;0;# Kotah - India
1524;1468;River;0;# Kanpur - India
1524;1460;River;0;# Merath - India
1528;1526;River;0;# Udaypur - India
1530;1534;River;0;# Islamabad - India
1531;1530;River;0;# Lahore - India
1531;1535;River;0;# Amrita Saras - India
1533;1532;River;0;# Nawabshah - India
1533;1536;River;0;# Bahawalnagar - India
1534;1529;River;0;# Gwaddar - India
1534;1537;River;0;# Peshawar - India
1534;1535;River;0;# Amrita Saras - India
1536;1529;River;0;# Gwaddar - India
1536;1534;River;0;# Islamabad - India
1536;1530;River;0;# Lahore - India
1544;1543;Impassable;0;# Shana - Japan
1545;1547;Sea;2494;# 
1553;1559;Sea;2489;# 
1555;1559;Sea;2489;# 
1560;1554;Sea;2489;# 
1560;1559;Sea;2489;# 
1568;1576;Sea;2558;# 
1571;1576;Sea;2558;# 
1571;1572;Sea;2556;# 
1573;1575;Sea;2558;# 
1573;1578;Sea;2557;# 
1574;1573;Sea;2557;# 
1575;1568;Sea;2558;# 
1576;1574;Sea;2558;# 
1580;1577;Sea;2553;# 
1581;1584;Impassable;0;# Tanna - South Solomon Islands
1582;1583;Impassable;0;# Malekula - South Solomon Islands
1583;1581;Impassable;0;# Efate - South Solomon Islands
1586;1585;Impassable;0;# Ouvea - South Solomon Islands
1588;1589;Impassable;0;# New Georgia - North Solomon Islands
1589;1587;Impassable;0;# Bougainville - North Solomon Islands
1590;1591;Impassable;0;# Malaita - North Solomon Islands
1591;1588;Impassable;0;# Santa Isabel - North Solomon Islands
1595;1594;Impassable;0;#
1595;1601;Impassable;0;#
1234;1603;Impassable;0;#
1596;1610;Impassable;0;# Mendi - New Guinea
1596;1594;Impassable;0;#
1602;1610;Impassable;0;# Mendi - New Guinea
1602;1603;Impassable;0;# 
1602;1605;River;0;# Lae - New Guinea
1603;1607;Impassable;0;# 
1604;1607;Impassable;0;# 
1605;1610;Impassable;0;# Mendi - New Guinea
1606;1608;River;0;# Kiunga - New Guinea
1608;1597;River;0;# Merauke - New Guinea
1608;1598;River;0;# Birab - New Guinea
1610;1594;Impassable;0;#
1610;1598;Impassable;0;# Birab - New Guinea
1615;1645;Impassable;0;# Waingapoe - Indonesia
1615;1616;Impassable;0;# Koepang - Indonesia
1622;1621;Impassable;0;# Buru - Indonesia
1623;1624;Impassable;0;#
1623;1626;Impassable;0;#
1623;1628;Impassable;0;# Bakon - Indonesia
1624;1628;Impassable;0;# Bakon - Indonesia
1629;1631;River;0;# Poentianak - Indonesia
1629;1628;Impassable;0;# Bakon - Indonesia
1630;1632;River;0;# Balikpapan - Indonesia
1630;1628;Impassable;0;# Bakon - Indonesia
1632;1627;River;0;# Tarakan - Indonesia
1632;1623;River;0;# Longmerah - Indonesia
1633;1630;River;0;# Sampit - Indonesia
1636;1639;Sea;2529;# 
1643;1644;Sea;2543;# 
1644;1615;Impassable;0;# Flores - Indonesia
1655;1643;Sea;2543;# 
1678;1679;Impassable;0;# Abemama - Asian Pacific
1679;1680;Impassable;0;# Tarawa - Asian Pacific
1684;1685;Impassable;0;# Saipan - Asian Pacific
1713;1712;River;0;# Adelaide - Australia
1713;1715;River;0;# Port Augusta - Australia
1713;1717;River;0;# Wagga Wagga - Australia
1717;1709;River;0;# Geelong - Australia
1717;1708;River;0;# Melbourne - Australia
1722;1721;Sea;2585;# 
1726;1725;Impassable;0;# Kavieng - Bismarck Archipelago
1726;1725;Impassable;0;# Kavieng - Bismarck Archipelago
1729;1728;Impassable;0;# Suva - American Pacific
1731;1733;Impassable;0;# Pago Pago - American Pacific
1737;1734;Impassable;0;# Pearl Harbor - American Pacific
1756;2008;River;0;# Florencia - Columbia
1756;1994;River;0;# Florencia - Columbia
1756;2012;River;0;# Florencia - Columbia
1758;1769;Impassable;0;# Tobago - Caribbean
1789;1788;River;0;# Hartford - Northeast US
1790;1787;River;0;# Concord - Northeast US
1790;1794;River;0;# Watertown - Northeast US
1793;1788;River;0;# Hartford - Northeast US
1793;1790;River;0;# Burlington - Northeast US
1794;2108;River;0;# Ottawa - Canada
1795;1797;River;0;# Newark - Northeast US
1795;1799;River;0;# Newburgh - Northeast US
1796;1788;River;0;# Hartford - Northeast US
1799;1788;River;0;# Hartford - Northeast US
1801;1802;River;0;# Altoona - Northeast US
1801;1803;River;0;# Williamsport - Northeast US
1803;1804;River;0;# Scranton - Northeast US
1805;1808;River;0;# Baltimore - Northeast US
1806;1824;River;0;# Erie - Northeast US
1808;1801;River;0;# Harrisburg - Northeast US
1808;1810;River;0;# Clarksburg - Northeast US
1808;1814;River;0;# Arlington - Northeast US
1810;1802;River;0;# Altoona - Northeast US
1811;1823;River;0;# Cincinnati - Northeast US
1813;1815;River;0;# Danville - Northeast US
1813;1812;River;0;# Norfolk - Northeast US
1814;1809;River;0;# Washington - Northeast US
1815;1816;River;0;# Charlottesville - Northeast US
1816;1818;River;0;# Roanoke - Northeast US
1819;1831;River;0;# Belleville - Midwest US
1819;1827;River;0;# Evansville - Northeast US
1820;1823;River;0;# Cincinnati - Northeast US
1821;1811;River;0;# Huntington - Northeast US
1821;1806;River;0;# Pittsburgh - Northeast US
1824;1798;River;0;# Warren - Northeast US
1826;1832;River;0;# Chicago - Midwest US
1827;1820;River;0;# Lexington - Northeast US
1827;1831;River;0;# Belleville - Midwest US
1828;1830;River;0;# Decatur - Midwest US
1828;1826;River;0;# Fort Wayne - Northeast US
1829;1837;River;0;# Cedar Rapids - Midwest US
1830;1829;River;0;# Peoria - Midwest US
1831;1833;River;0;# Saint Louis - Midwest US
1831;1828;River;0;# Indianapolis - Northeast US
1831;1835;River;0;# Saint Charles - Midwest US
1832;1830;River;0;# Decatur - Midwest US
1833;1835;River;0;# Saint Charles - Midwest US
1834;1914;River;0;# Kansas City - Southcentral US
1834;1859;River;0;# Lincoln - Midwest US
1835;1830;River;0;# Decatur - Midwest US
1835;1836;River;0;# Springfield - Midwest US
1835;1829;River;0;# Peoria - Midwest US
1836;1834;River;0;# Saint Joseph - Midwest US
1837;1839;River;0;# Milwaukee - Midwest US
1840;1841;River;0;# Green Bay - Midwest US
1840;1839;River;0;# Milwaukee - Midwest US
1840;1846;River;0;# Rochester - Midwest US
1840;1837;River;0;# Cedar Rapids - Midwest US
1841;1848;River;0;# Superior - Midwest US
1843;2129;River;0;# Sault Saint Marie - Canada
1845;2109;River;0;# Hamilton - Canada
1847;1854;River;0;# Grand Forks - Midwest US
1847;1846;River;0;# Rochester - Midwest US
1847;1857;River;0;# Sioux Falls - Midwest US
1849;1847;River;0;# Minneapolis - Midwest US
1850;1846;River;0;# Rochester - Midwest US
1850;1847;River;0;# Minneapolis - Midwest US
1852;1856;River;0;# Bismarck - Midwest US
1855;1856;River;0;# Bismarck - Midwest US
1856;1853;River;0;# Fort Peck - Midwest US
1856;1857;River;0;# Sioux Falls - Midwest US
1857;1856;River;0;# Bismarck - Midwest US
1858;1907;River;0;# Cheyenne - Southcentral US
1858;1859;River;0;# Lincoln - Midwest US
1859;1838;River;0;# Des Moines - Midwest US
1859;1860;River;0;# Omaha - Midwest US
1860;1838;River;0;# Des Moines - Midwest US
1860;1857;River;0;# Sioux Falls - Midwest US
1861;1876;River;0;# Walla Walla - Northwest US
1862;1864;River;0;# Great Falls - Northwest US
1862;1863;River;0;# Helena - Northwest US
1864;1867;River;0;# Glendive - Northwest US
1866;1868;River;0;# Billings - Northwest US
1866;1907;River;0;# Cheyenne - Southcentral US
1867;1851;River;0;# Miles City - Midwest US
1867;1856;River;0;# Bismarck - Midwest US
1867;1853;River;0;# Fort Peck - Midwest US
1867;1864;River;0;# Great Falls - Northwest US
1867;1868;River;0;# Billings - Northwest US
1868;1851;River;0;# Miles City - Midwest US
1869;1898;River;0;# Rock Springs - Southwest US
1870;1869;River;0;# Idaho Falls - Northwest US
1870;1881;River;0;# Twin Falls - Northwest US
1870;1862;River;0;# Bozeman - Northwest US
1870;1869;River;0;# Idaho Falls - Northwest US
1871;1881;River;0;# Twin Falls - Northwest US
1872;1875;River;0;# Wenatchee - Northwest US
1872;1876;River;0;# Walla Walla - Northwest US
1873;1876;River;0;# Walla Walla - Northwest US
1873;1872;River;0;# Spokane - Northwest US
1875;1861;River;0;# Coeur d'Alene - Northwest US
1876;1871;River;0;# Boise - Northwest US
1876;1872;River;0;# Spokane - Northwest US
1876;1861;River;0;# Coeur d'Alene - Northwest US
1878;1873;River;0;# Yakima - Northwest US
1878;1877;River;0;# Tacoma - Northwest US
1882;1873;River;0;# Yakima - Northwest US
1884;1888;River;0;# Sacramento - Southwest US
1885;1884;River;0;# Santa Rosa - Southwest US
1885;1890;River;0;# Eureka - Southwest US
1886;1900;River;0;# Phoenix - Southwest US
1888;1883;River;0;# Fresno - Southwest US
1889;1884;River;0;# Santa Rosa - Southwest US
1889;1888;River;0;# Sacramento - Southwest US
1892;1900;River;0;# Phoenix - Southwest US
1897;1899;River;0;# Saint George - Southwest US
1897;1898;River;0;# Rock Springs - Southwest US
1898;1896;River;0;# Salt Lake City - Southwest US
1899;1898;River;0;# Rock Springs - Southwest US
1900;1893;River;0;# Las Vegas - Southwest US
1900;1899;River;0;# Saint George - Southwest US
1901;1905;River;0;# Roswell - Southcentral US
1901;1886;River;0;# San Diego - Southwest US
1901;1900;River;0;# Phoenix - Southwest US
1902;1899;River;0;# Saint George - Southwest US
1902;1901;River;0;# Tucson - Southwest US
1904;1906;River;0;# Santa Fe - Southcentral US
1904;1909;River;0;# Colorado Springs - Southcentral US
1905;1904;River;0;# Albuquerque - Southcentral US
1905;1903;River;0;# Carlsbad - Southcentral US
1905;1927;River;0;# Abilene - Southcentral US
1908;1910;River;0;# Wichita - Southcentral US
1908;1909;River;0;# Colorado Springs - Southcentral US
1908;1858;River;0;# Rapid City - Midwest US
1910;1914;River;0;# Kansas City - Southcentral US
1910;1912;River;0;# Tulsa - Southcentral US
1911;1913;River;0;# Oklahoma City - Southcentral US
1913;1912;River;0;# Tulsa - Southcentral US
1915;1933;River;0;# Pine Bluff - Southcentral US
1915;1940;River;0;# Memphis - Southeast US
1916;1919;River;0;# Tyler - Southcentral US
1916;1913;River;0;# Oklahoma City - Southcentral US
1916;1912;River;0;# Tulsa - Southcentral US
1916;1924;River;0;# Dallas - Southcentral US
1917;1918;River;0;# Little Rock - Southcentral US
1918;1915;River;0;# Jonesboro - Southcentral US
1919;1918;River;0;# Little Rock - Southcentral US
1920;1911;River;0;# Lawton - Southcentral US
1921;1920;River;0;# Lubbock - Southcentral US
1922;1976;River;0;# Saltillo - Mexico
1922;1928;River;0;# Houston - Southcentral US
1923;1926;River;0;# San Antonio - Southcentral US
1923;1901;River;0;# Tucson - Southwest US
1924;1911;River;0;# Lawton - Southcentral US
1925;1919;River;0;# Tyler - Southcentral US
1925;1924;River;0;# Dallas - Southcentral US
1927;1924;River;0;# Dallas - Southcentral US
1927;1923;River;0;# El Paso - Southcentral US
1928;1925;River;0;# Austin - Southcentral US
1929;1932;River;0;# Baton Rouge - Southcentral US
1930;1929;River;0;# Monroe - Southcentral US
1930;1918;River;0;# Little Rock - Southcentral US
1930;1929;River;0;# Monroe - Southcentral US
1931;1932;River;0;# Baton Rouge - Southcentral US
1933;1930;River;0;# Shreveport - Southcentral US
1934;1931;River;0;# New Orleans - Southcentral US
1935;1915;River;0;# Jonesboro - Southcentral US
1937;1932;River;0;# Baton Rouge - Southcentral US
1937;1929;River;0;# Monroe - Southcentral US
1938;1915;River;0;# Jonesboro - Southcentral US
1938;1933;River;0;# Pine Bluff - Southcentral US
1938;1929;River;0;# Monroe - Southcentral US
1940;1833;River;0;# Saint Louis - Midwest US
1940;1831;River;0;# Belleville - Midwest US
1940;1819;River;0;# Louisville - Northeast US
1940;1943;River;0;# Nashville - Southeast US
1941;1955;River;0;# Atlanta - Southeast US
1941;1964;River;0;# Asheville - Southeast US
1941;1946;River;0;# Birmingham  Al - Southeast US
1943;1935;River;0;# Tupelo - Southeast US
1945;1941;River;0;# Chattanooga - Southeast US
1947;1946;River;0;# Birmingham  Al - Southeast US
1947;1936;River;0;# Tuscaloosa - Southeast US
1950;1944;River;0;# Mobile - Southeast US
1950;1954;River;0;# Macon - Southeast US
1951;1950;River;0;# Pensacola - Southeast US
1954;1947;River;0;# Montgomery - Southeast US
1956;1960;River;0;# Charleston - Southeast US
1958;1955;River;0;# Atlanta - Southeast US
1958;1955;River;0;# Atlanta - Southeast US
1958;1959;River;0;# Augusta - Southeast US
1960;1959;River;0;# Augusta - Southeast US
1964;1942;River;0;# Knoxville - Southeast US
1966;1968;River;0;# Veracruz - Mexico
1967;1922;River;0;# Corpus Christi - Southcentral US
1972;1971;River;0;# Morelia - Mexico
1975;1922;River;0;# Corpus Christi - Southcentral US
1976;1926;River;0;# San Antonio - Southcentral US
1976;1923;River;0;# El Paso - Southcentral US
1977;1923;River;0;# El Paso - Southcentral US
1981;1979;River;0;# Hermosillo - Mexico
1981;1901;River;0;# Tucson - Southwest US
1986;1990;River;0;# Clcuta - Grand Colombia
1987;1991;River;0;# Santa Fe de Bogota - Grand Colombia
1987;1990;River;0;# Cla - Grand Colombia
1987;1986;River;0;# Barranquilla - Grand Colombia
1992;1994;River;0;# Villavicencio - Grand Colombia
1994;2009;River;0;# Florencia - Amazonas
1995;1992;River;0;# Ciudad Bolivar - Grand Colombia
1996;1992;River;0;# Ciudad Bolivar - Grand Colombia
1997;1998;River;0;# Bartica - Grand Colombia
1999;1997;River;0;# Georgetown - Grand Colombia
2000;1999;River;0;# Paramaribo - Grand Colombia
2001;2003;River;0;# Tefe - Amazonas
2003;2004;River;0;# Maraba - Amazonas
2003;2062;River;0;# Porto Velho - Brazilian Highlands
2004;2068;River;0;# Belem - Brazilian Highlands
2004;2005;River;0;# Manaus - Amazonas
2005;2001;River;0;# Manacapuru - Amazonas
2005;2003;River;0;# Tefe - Amazonas
2006;2005;River;0;# Manaus - Amazonas
2008;2009;River;0;# Florencia - Amazonas
2009;1991;Impassable;0;# Santa Fe de Bogota - Grand Colombia
2009;2007;River;0;# Puyo - Amazonas
2009;1987;River;0;# Medellin - Grand Colombia
2011;2013;River;0;# Puerto Maldonado - Amazonas
2011;2012;River;0;# Requena - Amazonas
2011;2008;River;0;# Iquitos - Amazonas
2011;2010;River;0;# Nauta - Amazonas
2012;2008;River;0;# Iquitos - Amazonas
2014;2018;River;0;# Tarapoto - Andes
2014;2033;River;0;# Jaen - Andes
2018;2010;River;0;# Nauta - Amazonas
2018;2011;River;0;# Pucallpa - Amazonas
2018;2015;River;0;# Cuzco - Andes
2019;2063;River;0;# Santa Cruz de la Sierra - Brazilian Highlands
2028;2053;River;0;# Mar del Plata - Rio de la Plata
2028;2054;River;0;# Cordoba - Rio de la Plata
2028;2029;River;0;# San Juan - Andes
2033;2018;River;0;# Tarapoto - Andes
2034;2028;River;0;# Mendoza - Andes
2039;2053;River;0;# Mar del Plata - Rio de la Plata
2039;2028;River;0;# Mendoza - Andes
2046;2056;River;0;# Resistencia - Gran Chaco
2046;2026;River;0;# Salta - Andes
2046;2060;River;0;# Campo Grande - Brazilian Highlands
2047;2057;River;0;# Curitiba - Brazilian Highlands
2047;2046;River;0;# Villa Hayes - Gran Chaco
2049;2056;River;0;# Resistencia - Gran Chaco
2049;2047;River;0;# Nuestra Senora de la Asuncion - Gran Chaco
2050;2052;River;0;# Montevideo - Rio de la Plata
2050;2049;River;0;# Corrientes - Rio de la Plata
2051;2049;River;0;# Corrientes - Rio de la Plata
2052;2049;River;0;# Corrientes - Rio de la Plata
2052;2051;River;0;# Salto - Rio de la Plata
2055;2049;River;0;# Corrientes - Rio de la Plata
2055;2056;River;0;# Resistencia - Gran Chaco
2056;2027;River;0;# San Miguel de Tucuman - Andes
2056;2047;River;0;# Nuestra Senora de la Asuncion - Gran Chaco
2057;2060;River;0;# Campo Grande - Brazilian Highlands
2058;2049;River;0;# Corrientes - Rio de la Plata
2060;2059;River;0;# Sao Paulo - Brazilian Highlands
2061;2066;River;0;# Barreiras - Brazilian Highlands
2062;2019;River;0;# Cobija - Amazonas
2062;2063;River;0;# Santa Cruz de la Sierra - Brazilian Highlands
2063;2020;River;0;# Nuestra Senora de La Paz - Andes
2063;2064;River;0;# La Santisima Trinidad - Brazilian Highlands
2064;2060;River;0;# Campo Grande - Brazilian Highlands
2065;2069;River;0;# Sao Luis - Brazilian Highlands
2066;2004;River;0;# Maraba - Amazonas
2067;2073;River;0;# Salvador - Brazilian Highlands
2067;2061;River;0;# Cuiaba - Brazilian Highlands
2073;2066;River;0;# Barreiras - Brazilian Highlands
2073;2071;River;0;# Recife - Brazilian Highlands
2076;2067;River;0;# Goiania - Brazilian Highlands
2082;2083;River;0;# Puerto Limon - Central America
2082;2081;River;0;# San Jose - Central America
2084;2082;River;0;# Bluefields  - Central America
2084;2080;River;0;# Managua - Central America
2087;2085;River;0;# Tegucigalpa - Central America
2087;2084;River;0;# San Pedro Sula - Central America
2090;2089;Sea;2388;# Vancouver - British Columbia
2091;2092;River;0;# Jasper - British Columbia
2094;2095;River;0;# Fort Simpson - Northern Canada
2094;2093;River;0;# Fort St. John - Western Canada
2096;2095;River;0;# Fort Simpson - Northern Canada
2096;2099;River;0;# Fort Resolution - Western Canada
2096;2102;River;0;# Prince Albert - Western Canada
2100;2102;River;0;# Prince Albert - Western Canada
2100;2107;River;0;# Flin Flon - Canada
2101;2103;River;0;# Edmonton - Western Canada
2103;2100;River;0;# Saskatoon - Canada
2103;2105;River;0;# Grande Prairie - Western Canada
2104;2103;River;0;# Edmonton - Western Canada
2105;2096;River;0;# Yellowknife - Northern Canada
2105;2099;River;0;# Fort Resolution - Western Canada
2105;2092;River;0;# Jasper - Western Canada
2105;2102;River;0;# Prince Albert - Western Canada
2106;2107;River;0;# Flin Flon - Canada
2107;2115;River;0;# Fort Severn - Canada
2108;2118;River;0;# Sherbrooke - Eastern Canada
2109;1791;River;0;# Buffalo - Northeast US
2117;2126;River;0;# Trois Rivieres - Eastern Canada
2118;2119;River;0;# Montreal - Eastern Canada
2119;2126;River;0;# Trois Rivieres - Eastern Canada
2126;2119;Impassable;0;# Montreal - Eastern Canada
2136;2137;Impassable;0;# St. John's - Eastern Canada
2145;2140;River;0;# Fairbanks - Alaska
2145;2146;River;0;# Tanana - Alaska
2145;2144;River;0;# Bethel - Alaska
2152;294;Sea;290;# Copenhagen - Denmark
2158;2162;River;0;# Gävle - Sweden
2159;526;Sea;2722;# Ahvenanmaa - Finland
2160;2162;River;0;# Gävle - Sweden
2161;2164;River;0;# Ötersund - Sweden
2162;2161;River;0;# Karlstad - Sweden
2162;2163;River;0;# Vilhelmina - Sweden
2165;2162;River;0;# Gävle - Sweden
2165;2166;River;0;# Umea - Sweden
2166;2163;River;0;# Vilhelmina - Sweden
2167;2163;River;0;# Vilhelmina - Sweden
2164;2163;River;0;# Vilhelmina - Sweden
2166;516;River;0;# Tornio - Finland
2166;511;River;0;# Enontekio - Finland
2167;511;River;0;# Enontekio - Finland
2170;1104;River;0;# Xorug - Central Asia
2692;2696;canal;152;# Nord-Ostsee-Kanal
261;268;Sea;2719;# Germany to United Baltic Duchy (over Lithuania)
900;1007;Sea;2453;# from Suez to Bur Tawfiq (over Suez Canal)
#nowamapa#;;;; 
-1;-1;;; 
